{"version":"0.4","title":"Aiteko Portfolio Archive Grid","type":"page","content":[{"id":"403c9243","settings":{"layout":"full_width","gap":"no","stretch_section":"section-stretched","padding":{"unit":"em","top":"0","right":"2","bottom":"0","left":"2","isLinked":false},"padding_tablet":{"unit":"em","top":"0","right":"1","bottom":"0","left":"1","isLinked":false},"padding_mobile":{"unit":"em","top":"0","right":"1","bottom":"0","left":"1","isLinked":false}},"elements":[{"id":"2e22ddb5","settings":{"_column_size":100},"elements":[{"id":"320bd734","settings":{"number_post":8,"show_pagination":"yes"},"elements":[],"isInner":false,"widgetType":"portfolio-grid","elType":"widget"}],"isInner":false,"elType":"column"}],"isInner":false,"elType":"section"}]}