{"version":"0.4","title":"Aiteko About Us","type":"page","content":[{"id":"5d4862ce","settings":{"layout":"full_width","content_position":"middle","structure":"20","reverse_order_mobile":"reverse-mobile"},"elements":[{"id":"673043d3","settings":{"_column_size":50,"_inline_size":69.973},"elements":[{"id":"8d913d3","settings":{"editor":"<p>Aiteko is an Asian based creative design agency studio founded in mid-2015.\u00a0\u00a0<span class=\"s1\">A wonderful serenity has taken possession of my entire soul, like these sweet mornings of spring which I enjoy with my whole heart.<\/span><\/p>","typography_typography":"custom","typography_font_size":{"unit":"rem","size":1.6},"typography_font_weight":"300"},"elements":[],"isInner":false,"widgetType":"text-editor","elType":"widget"}],"isInner":false,"elType":"column"},{"id":"168ab4a6","settings":{"_column_size":50,"_inline_size":30.027},"elements":[{"id":"29c1ca54","settings":{"image":{"url":"http:\/\/themes.wip-themes.com\/aiteko\/wp-content\/uploads\/2019\/01\/favicon.png","id":207},"image_size":"medium"},"elements":[],"isInner":false,"widgetType":"image","elType":"widget"}],"isInner":false,"elType":"column"}],"isInner":false,"elType":"section"},{"id":"40f9ac85","settings":{"stretch_section":"section-stretched","layout":"full_width","gap":"no","margin":{"unit":"%","top":"","right":0,"bottom":"","left":0,"isLinked":true},"padding":{"unit":"em","top":"3","right":"0","bottom":"0","left":"0","isLinked":false}},"elements":[{"id":"62f61fd0","settings":{"_column_size":100},"elements":[{"id":"6ef17b96","settings":{"image":{"url":"http:\/\/themes.wip-themes.com\/aiteko\/wp-content\/uploads\/2019\/01\/pexels-photo-380768.jpeg","id":221},"image_size":"full","align":"center"},"elements":[],"isInner":false,"widgetType":"image","elType":"widget"}],"isInner":false,"elType":"column"}],"isInner":false,"elType":"section"},{"id":"21445f09","settings":{"layout":"full_width","structure":"30","padding":{"unit":"em","top":"3","right":"0","bottom":"3","left":"0","isLinked":false}},"elements":[{"id":"6792cbf6","settings":{"_column_size":33,"_inline_size":46,"space_between_widgets":30},"elements":[{"id":"4d45debd","settings":{"title":"Our Culture","title_color":"#141414","typography_typography":"custom","typography_font_size":{"unit":"rem","size":0.9},"typography_font_weight":"600","typography_text_transform":"uppercase","typography_letter_spacing":{"unit":"px","size":1.5}},"elements":[],"isInner":false,"widgetType":"heading","elType":"widget"},{"id":"14ccfeb7","settings":{"weight":{"unit":"px","size":2},"color":"#141414","width":{"unit":"px","size":100},"gap":{"unit":"px","size":2}},"elements":[],"isInner":false,"widgetType":"divider","elType":"widget"},{"id":"3f38874b","settings":{"image":{"url":"http:\/\/themes.wip-themes.com\/aiteko\/wp-content\/uploads\/2019\/01\/space-desk-workspace-coworking.jpg","id":608},"image_size":"custom","image_custom_dimension":{"width":"2000","height":"1000"}},"elements":[],"isInner":false,"widgetType":"image","elType":"widget"},{"id":"5bdb81cd","settings":{"editor":"<p class=\"p1\"><span class=\"s1\">I am alone, and feel the charm of existence in this spot, which was created for the bliss of souls like mine. I am so happy, my dear friend, so absorbed in the exquisite sense of mere tranquil existence, that I neglect my talents. I should be incapable of drawing a single stroke at the present moment; and yet I feel that I never was a greater artist than now.<\/span><\/p>","_padding":{"unit":"em","top":"","right":"","bottom":"","left":"","isLinked":false}},"elements":[],"isInner":false,"widgetType":"text-editor","elType":"widget"}],"isInner":false,"elType":"column"},{"id":"691fce6c","settings":{"_column_size":33,"_inline_size":7.996},"elements":[],"isInner":false,"elType":"column"},{"id":"14de9e5a","settings":{"_column_size":33,"_inline_size":46,"space_between_widgets":30,"margin":{"unit":"%","top":"50","right":"0","bottom":"0","left":"0","isLinked":false},"margin_tablet":{"unit":"%","top":"70","right":"0","bottom":"0","left":"0","isLinked":false},"margin_mobile":{"unit":"%","top":"0","right":"0","bottom":"0","left":"0","isLinked":false},"padding":{"unit":"px","top":"","right":"","bottom":"","left":"","isLinked":false}},"elements":[{"id":"5b73f3a0","settings":{"title":"Our Visions","title_color":"#141414","typography_typography":"custom","typography_font_size":{"unit":"rem","size":0.9},"typography_font_weight":"600","typography_text_transform":"uppercase","typography_letter_spacing":{"unit":"px","size":1.5}},"elements":[],"isInner":false,"widgetType":"heading","elType":"widget"},{"id":"2ddaea47","settings":{"weight":{"unit":"px","size":2},"color":"#141414","width":{"unit":"px","size":100},"gap":{"unit":"px","size":2}},"elements":[],"isInner":false,"widgetType":"divider","elType":"widget"},{"id":"5eb32131","settings":{"image":{"url":"http:\/\/themes.wip-themes.com\/aiteko\/wp-content\/uploads\/2019\/01\/pexels-photo-269077.jpeg","id":609},"image_size":"custom","image_custom_dimension":{"width":"2000","height":"1000"}},"elements":[],"isInner":false,"widgetType":"image","elType":"widget"},{"id":"3536514d","settings":{"editor":"<p class=\"p1\"><span class=\"s1\">When, while the lovely valley teems with vapour around me, and the meridian sun strikes the upper surface of the impenetrable foliage of my trees, and but a few stray gleams steal into the inner sanctuary, I throw myself down among the tall grass by the trickling stream; and, as I lie close to the earth, a thousand unknown plants are noticed by me.<\/span><\/p>"},"elements":[],"isInner":false,"widgetType":"text-editor","elType":"widget"}],"isInner":false,"elType":"column"}],"isInner":false,"elType":"section"},{"id":"442beaa9","settings":{"layout":"full_width","structure":"30","padding":{"unit":"em","top":"3","right":"0","bottom":"3","left":"0","isLinked":false},"margin_mobile":{"unit":"px","top":"-30","right":0,"bottom":"0","left":0,"isLinked":false},"padding_mobile":{"unit":"%","top":"0","right":"0","bottom":"0","left":"0","isLinked":false}},"elements":[{"id":"483650bc","settings":{"_column_size":33,"_inline_size":46,"space_between_widgets":30,"margin":{"unit":"%","top":"-50","right":"0","bottom":"0","left":"0","isLinked":false},"margin_tablet":{"unit":"%","top":"-70","right":"0","bottom":"0","left":"0","isLinked":false},"margin_mobile":{"unit":"%","top":"0","right":"0","bottom":"0","left":"0","isLinked":false}},"elements":[{"id":"673b44ae","settings":{"title":"Our Approach","title_color":"#141414","typography_typography":"custom","typography_font_size":{"unit":"rem","size":0.9},"typography_font_weight":"600","typography_text_transform":"uppercase","typography_letter_spacing":{"unit":"px","size":1.5}},"elements":[],"isInner":false,"widgetType":"heading","elType":"widget"},{"id":"393d87af","settings":{"weight":{"unit":"px","size":2},"color":"#141414","width":{"unit":"px","size":100},"gap":{"unit":"px","size":2}},"elements":[],"isInner":false,"widgetType":"divider","elType":"widget"},{"id":"534a9528","settings":{"image":{"url":"http:\/\/themes.wip-themes.com\/aiteko\/wp-content\/uploads\/2019\/01\/pexels-photo-1661004.jpeg","id":615},"image_size":"custom","image_custom_dimension":{"width":"2000","height":"1000"}},"elements":[],"isInner":false,"widgetType":"image","elType":"widget"},{"id":"7c1338d9","settings":{"editor":"<p class=\"p1\"><span class=\"s1\">I am alone, and feel the charm of existence in this spot, which was created for the bliss of souls like mine. I am so happy, my dear friend, so absorbed in the exquisite sense of mere tranquil existence, that I neglect my talents. I should be incapable of drawing a single stroke at the present moment; and yet I feel that I never was a greater artist than now.<\/span><\/p>","_padding":{"unit":"em","top":"","right":"","bottom":"","left":"","isLinked":false}},"elements":[],"isInner":false,"widgetType":"text-editor","elType":"widget"}],"isInner":false,"elType":"column"},{"id":"417e7e48","settings":{"_column_size":33,"_inline_size":7.996,"css_classes":"elementor-hidden-phone"},"elements":[],"isInner":false,"elType":"column"},{"id":"5985c158","settings":{"_column_size":33,"css_classes":"elementor-hidden-phone"},"elements":[],"isInner":false,"elType":"column"}],"isInner":false,"elType":"section"},{"id":"e7868e1","settings":{"stretch_section":"section-stretched","layout":"full_width","background_background":"classic","background_color":"#fafafa","padding":{"unit":"em","top":"0","right":"0","bottom":"0","left":"0","isLinked":false},"gap":"no","structure":"21"},"elements":[{"id":"347c1709","settings":{"_column_size":33,"_inline_size":null,"_inline_size_tablet":100,"space_between_widgets":0},"elements":[{"id":"6288fe03","settings":{"image":{"url":"http:\/\/themes.wip-themes.com\/aiteko\/wp-content\/uploads\/2019\/01\/pexels-photo-532220.jpeg","id":624}},"elements":[],"isInner":false,"widgetType":"image","elType":"widget"}],"isInner":false,"elType":"column"},{"id":"2224c57d","settings":{"_column_size":66,"_inline_size":null,"_inline_size_tablet":100,"content_position":"center","space_between_widgets":0,"padding":{"unit":"em","top":"4","right":"4","bottom":"4","left":"4","isLinked":true},"padding_tablet":{"unit":"em","top":"4","right":"3","bottom":"4","left":"3","isLinked":false},"padding_mobile":{"unit":"em","top":"4","right":"2","bottom":"4","left":"2","isLinked":false}},"elements":[{"id":"11618b84","settings":{"title":"Founder","title_color":"#757575","typography_typography":"custom","typography_font_size":{"unit":"rem","size":1},"typography_text_transform":"uppercase","typography_letter_spacing":{"unit":"px","size":2}},"elements":[],"isInner":false,"widgetType":"heading","elType":"widget"},{"id":"35956d7c","settings":{"title":"John Aiteko","typography_typography":"custom","typography_font_size":{"unit":"rem","size":5},"_padding":{"unit":"em","top":"4","right":"0","bottom":"4","left":"0","isLinked":false}},"elements":[],"isInner":false,"widgetType":"heading","elType":"widget"},{"id":"7bfe13b9","settings":{"gap":"no","content_position":"top","structure":"30","margin":{"unit":"px","top":"0","right":0,"bottom":"40","left":0,"isLinked":false}},"elements":[{"id":"4adb1c10","settings":{"_column_size":33,"_inline_size":44.963,"content_position":"top"},"elements":[{"id":"7e2dd4d0","settings":{"title":"About","title_color":"#757575","typography_typography":"custom","typography_font_size":{"unit":"rem","size":1},"typography_text_transform":"uppercase","typography_letter_spacing":{"unit":"px","size":2}},"elements":[],"isInner":false,"widgetType":"heading","elType":"widget"},{"id":"18eb7b","settings":{"editor":"<p>Business strategy and online marketing ninja. The genius decision maker. He never stop until his client happy with the results.<\/p>","text_color":"#161616","typography_typography":"custom","typography_font_size":{"unit":"rem","size":1.2}},"elements":[],"isInner":false,"widgetType":"text-editor","elType":"widget"}],"isInner":true,"elType":"column"},{"id":"42b1522c","settings":{"_column_size":33,"_inline_size":4.984,"content_position":"top"},"elements":[],"isInner":true,"elType":"column"},{"id":"6802c442","settings":{"_column_size":33,"_inline_size":50.013,"content_position":"top"},"elements":[{"id":"2f388cb","settings":{"title":"Awwards","title_color":"#757575","typography_typography":"custom","typography_font_size":{"unit":"rem","size":1},"typography_text_transform":"uppercase","typography_letter_spacing":{"unit":"px","size":2}},"elements":[],"isInner":false,"widgetType":"heading","elType":"widget"},{"id":"2c748363","settings":{"editor":"<p>Top 5 SEO Master '17<br \/>CEO of the year '17<\/p>","text_color":"#161616","typography_typography":"custom","typography_font_size":{"unit":"rem","size":1.2}},"elements":[],"isInner":false,"widgetType":"text-editor","elType":"widget"}],"isInner":true,"elType":"column"}],"isInner":true,"elType":"section"},{"id":"7e1d72e7","settings":{"title":"Social profiles","title_color":"#757575","typography_typography":"custom","typography_font_size":{"unit":"rem","size":1},"typography_text_transform":"uppercase","typography_letter_spacing":{"unit":"px","size":2}},"elements":[],"isInner":false,"widgetType":"heading","elType":"widget"},{"id":"3114f25b","settings":{"view":"inline","icon_list":[{"text":"Fb","icon":"fa fa-facebook-official","_id":"ee30428","link":{"url":"#","is_external":"","nofollow":""}},{"text":"Tw","icon":"fa fa-twitter","_id":"ad3abf6","link":{"url":"#","is_external":"","nofollow":""}},{"text":"Lk","icon":"fa fa-linkedin-square","_id":"fa3ed17","link":{"url":"#","is_external":"","nofollow":""}},{"text":"Ig","icon":"fa fa-instagram","link":{"url":"#","is_external":"","nofollow":""},"_id":"37c81c9"}],"space_between":{"unit":"px","size":30},"icon_color":"#1e1e1e","icon_color_hover":"#7a7a7a","icon_size":{"unit":"px","size":18},"text_color":"#141414","text_color_hover":"#b2b2b2","text_indent":{"unit":"px","size":10}},"elements":[],"isInner":false,"widgetType":"icon-list","elType":"widget"}],"isInner":false,"elType":"column"}],"isInner":false,"elType":"section"},{"id":"1b16178d","settings":{"stretch_section":"section-stretched","layout":"full_width","background_background":"classic","background_color":"#fafafa","padding":{"unit":"em","top":"0","right":"0","bottom":"0","left":"0","isLinked":false},"gap":"no","structure":"22"},"elements":[{"id":"3a1084bd","settings":{"_column_size":66,"_inline_size":null,"_inline_size_tablet":100,"content_position":"center","space_between_widgets":0,"padding":{"unit":"em","top":"4","right":"4","bottom":"4","left":"4","isLinked":true},"padding_tablet":{"unit":"em","top":"4","right":"3","bottom":"4","left":"3","isLinked":false},"padding_mobile":{"unit":"em","top":"4","right":"2","bottom":"4","left":"2","isLinked":false}},"elements":[{"id":"c373041","settings":{"title":"Designer","title_color":"#757575","typography_typography":"custom","typography_font_size":{"unit":"rem","size":1},"typography_text_transform":"uppercase","typography_letter_spacing":{"unit":"px","size":2}},"elements":[],"isInner":false,"widgetType":"heading","elType":"widget"},{"id":"4f852c88","settings":{"title":"Steven Moskow","typography_typography":"custom","typography_font_size":{"unit":"rem","size":5},"_padding":{"unit":"em","top":"4","right":"0","bottom":"4","left":"0","isLinked":false}},"elements":[],"isInner":false,"widgetType":"heading","elType":"widget"},{"id":"3a6063d1","settings":{"gap":"no","content_position":"top","structure":"30","margin":{"unit":"px","top":"0","right":0,"bottom":"40","left":0,"isLinked":false}},"elements":[{"id":"23678fc3","settings":{"_column_size":33,"_inline_size":44.963,"content_position":"top"},"elements":[{"id":"615e85a7","settings":{"title":"About","title_color":"#757575","typography_typography":"custom","typography_font_size":{"unit":"rem","size":1},"typography_text_transform":"uppercase","typography_letter_spacing":{"unit":"px","size":2}},"elements":[],"isInner":false,"widgetType":"heading","elType":"widget"},{"id":"6c1a3ecd","settings":{"editor":"<p>Layout creator, fast work around. Modernist. He will design a fresh layout for you in no time.<\/p>","text_color":"#161616","typography_typography":"custom","typography_font_size":{"unit":"rem","size":1.2}},"elements":[],"isInner":false,"widgetType":"text-editor","elType":"widget"}],"isInner":true,"elType":"column"},{"id":"4eb18a58","settings":{"_column_size":33,"_inline_size":4.984,"content_position":"top"},"elements":[],"isInner":true,"elType":"column"},{"id":"57b4d2ff","settings":{"_column_size":33,"_inline_size":50.013,"content_position":"top"},"elements":[{"id":"6706206b","settings":{"title":"Awwards","title_color":"#757575","typography_typography":"custom","typography_font_size":{"unit":"rem","size":1},"typography_text_transform":"uppercase","typography_letter_spacing":{"unit":"px","size":2}},"elements":[],"isInner":false,"widgetType":"heading","elType":"widget"},{"id":"57cee70d","settings":{"editor":"<p>Site of the day Apr '15<br \/>Adobe designer awward '17<\/p>","text_color":"#161616","typography_typography":"custom","typography_font_size":{"unit":"rem","size":1.2}},"elements":[],"isInner":false,"widgetType":"text-editor","elType":"widget"}],"isInner":true,"elType":"column"}],"isInner":true,"elType":"section"},{"id":"744acfb6","settings":{"title":"Social profiles","title_color":"#757575","typography_typography":"custom","typography_font_size":{"unit":"rem","size":1},"typography_text_transform":"uppercase","typography_letter_spacing":{"unit":"px","size":2}},"elements":[],"isInner":false,"widgetType":"heading","elType":"widget"},{"id":"31efaa62","settings":{"view":"inline","icon_list":[{"text":"Fb","icon":"fa fa-facebook-official","_id":"ee30428","link":{"url":"#","is_external":"","nofollow":""}},{"text":"Tw","icon":"fa fa-twitter","_id":"ad3abf6","link":{"url":"#","is_external":"","nofollow":""}},{"text":"Lk","icon":"fa fa-linkedin-square","_id":"fa3ed17","link":{"url":"#","is_external":"","nofollow":""}},{"text":"Ig","icon":"fa fa-instagram","link":{"url":"#","is_external":"","nofollow":""},"_id":"37c81c9"}],"space_between":{"unit":"px","size":30},"icon_color":"#1e1e1e","icon_color_hover":"#7a7a7a","icon_size":{"unit":"px","size":18},"text_color":"#141414","text_color_hover":"#b2b2b2","text_indent":{"unit":"px","size":10}},"elements":[],"isInner":false,"widgetType":"icon-list","elType":"widget"}],"isInner":false,"elType":"column"},{"id":"4fe932a7","settings":{"_column_size":33,"_inline_size":null,"_inline_size_tablet":100,"space_between_widgets":0},"elements":[{"id":"23a1e46d","settings":{"image":{"url":"http:\/\/themes.wip-themes.com\/aiteko\/wp-content\/uploads\/2019\/01\/pexels-photo-220453.jpeg","id":630}},"elements":[],"isInner":false,"widgetType":"image","elType":"widget"}],"isInner":false,"elType":"column"}],"isInner":false,"elType":"section"},{"id":"2e5f22fd","settings":{"stretch_section":"section-stretched","layout":"full_width","background_background":"classic","background_color":"#fafafa","padding":{"unit":"em","top":"0","right":"0","bottom":"0","left":"0","isLinked":false},"gap":"no","structure":"21"},"elements":[{"id":"4b1889b4","settings":{"_column_size":33,"_inline_size":null,"_inline_size_tablet":100,"space_between_widgets":0},"elements":[{"id":"3d623fd7","settings":{"image":{"url":"http:\/\/themes.wip-themes.com\/aiteko\/wp-content\/uploads\/2019\/01\/portrait-photography-profile-face-one-38289.jpeg","id":632}},"elements":[],"isInner":false,"widgetType":"image","elType":"widget"}],"isInner":false,"elType":"column"},{"id":"3bcd1649","settings":{"_column_size":66,"_inline_size":null,"_inline_size_tablet":100,"content_position":"center","space_between_widgets":0,"padding":{"unit":"em","top":"4","right":"4","bottom":"4","left":"4","isLinked":true},"padding_tablet":{"unit":"em","top":"4","right":"3","bottom":"4","left":"3","isLinked":false},"padding_mobile":{"unit":"em","top":"4","right":"2","bottom":"4","left":"2","isLinked":false}},"elements":[{"id":"7367878a","settings":{"title":"Lead Developer","title_color":"#757575","typography_typography":"custom","typography_font_size":{"unit":"rem","size":1},"typography_text_transform":"uppercase","typography_letter_spacing":{"unit":"px","size":2}},"elements":[],"isInner":false,"widgetType":"heading","elType":"widget"},{"id":"57552533","settings":{"title":"April Lucipta","typography_typography":"custom","typography_font_size":{"unit":"rem","size":5},"_padding":{"unit":"em","top":"4","right":"0","bottom":"4","left":"0","isLinked":false}},"elements":[],"isInner":false,"widgetType":"heading","elType":"widget"},{"id":"3cb4ac1a","settings":{"gap":"no","content_position":"top","structure":"30","margin":{"unit":"px","top":"0","right":0,"bottom":"40","left":0,"isLinked":false}},"elements":[{"id":"72d50672","settings":{"_column_size":33,"_inline_size":44.963,"content_position":"top"},"elements":[{"id":"62561b6c","settings":{"title":"About","title_color":"#757575","typography_typography":"custom","typography_font_size":{"unit":"rem","size":1},"typography_text_transform":"uppercase","typography_letter_spacing":{"unit":"px","size":2}},"elements":[],"isInner":false,"widgetType":"heading","elType":"widget"},{"id":"5a5ffbee","settings":{"editor":"<p>She is a Ruby rock star! The Node js guru, WordPress anonymous contributor.\u00a0<\/p>","text_color":"#161616","typography_typography":"custom","typography_font_size":{"unit":"rem","size":1.2}},"elements":[],"isInner":false,"widgetType":"text-editor","elType":"widget"}],"isInner":true,"elType":"column"},{"id":"77e3d371","settings":{"_column_size":33,"_inline_size":4.984,"content_position":"top"},"elements":[],"isInner":true,"elType":"column"},{"id":"7fbd0f15","settings":{"_column_size":33,"_inline_size":50.013,"content_position":"top"},"elements":[{"id":"524b7afa","settings":{"title":"Awwards","title_color":"#757575","typography_typography":"custom","typography_font_size":{"unit":"rem","size":1},"typography_text_transform":"uppercase","typography_letter_spacing":{"unit":"px","size":2}},"elements":[],"isInner":false,"widgetType":"heading","elType":"widget"},{"id":"5c74de5e","settings":{"editor":"<p>-<\/p>","text_color":"#161616","typography_typography":"custom","typography_font_size":{"unit":"rem","size":1.2}},"elements":[],"isInner":false,"widgetType":"text-editor","elType":"widget"}],"isInner":true,"elType":"column"}],"isInner":true,"elType":"section"},{"id":"5f5d9441","settings":{"title":"Social profiles","title_color":"#757575","typography_typography":"custom","typography_font_size":{"unit":"rem","size":1},"typography_text_transform":"uppercase","typography_letter_spacing":{"unit":"px","size":2}},"elements":[],"isInner":false,"widgetType":"heading","elType":"widget"},{"id":"7575cb44","settings":{"view":"inline","icon_list":[{"text":"Fb","icon":"fa fa-facebook-official","_id":"ee30428","link":{"url":"#","is_external":"","nofollow":""}},{"text":"Tw","icon":"fa fa-twitter","_id":"ad3abf6","link":{"url":"#","is_external":"","nofollow":""}},{"text":"Lk","icon":"fa fa-linkedin-square","_id":"fa3ed17","link":{"url":"#","is_external":"","nofollow":""}},{"text":"Ig","icon":"fa fa-instagram","link":{"url":"#","is_external":"","nofollow":""},"_id":"37c81c9"}],"space_between":{"unit":"px","size":30},"icon_color":"#1e1e1e","icon_color_hover":"#7a7a7a","icon_size":{"unit":"px","size":18},"text_color":"#141414","text_color_hover":"#b2b2b2","text_indent":{"unit":"px","size":10}},"elements":[],"isInner":false,"widgetType":"icon-list","elType":"widget"}],"isInner":false,"elType":"column"}],"isInner":false,"elType":"section"},{"id":"531b1138","settings":{"stretch_section":"section-stretched","padding":{"unit":"em","top":"4","right":"4","bottom":"4","left":"4","isLinked":true}},"elements":[{"id":"6baec549","settings":{"_column_size":100,"space_between_widgets":40},"elements":[{"id":"2e45f06e","settings":{"title":"Need our help on your project?","align":"center"},"elements":[],"isInner":false,"widgetType":"heading","elType":"widget"},{"id":"20db99d7","settings":{"text":"Get in touch","link":{"url":"http:\/\/themes.wip-themes.com\/aiteko\/contact-us\/","is_external":"","nofollow":""},"align":"center","size":"lg","icon":"fa fa-envelope-o","icon_align":"right","icon_indent":{"unit":"px","size":15},"typography_typography":"custom","typography_font_size":{"unit":"rem","size":0.9},"typography_text_transform":"uppercase","typography_letter_spacing":{"unit":"px","size":1.1},"button_text_color":"#141414","background_color":"rgba(0,0,0,0)","hover_color":"#ffffff","button_background_hover_color":"#ea3c53","button_hover_border_color":"#ea3c53","border_border":"solid","border_width":{"unit":"px","top":"1","right":"1","bottom":"1","left":"1","isLinked":true},"border_color":"#141414","border_radius":{"unit":"px","top":"2","right":"2","bottom":"2","left":"2","isLinked":true}},"elements":[],"isInner":false,"widgetType":"button","elType":"widget"}],"isInner":false,"elType":"column"}],"isInner":false,"elType":"section"}]}