{"version":"0.4","title":"Aiteko Homepage 2 Revision","type":"page","content":[{"id":"2bfae571","settings":{"stretch_section":"section-stretched","height":"full","content_position":"middle","background_background":"classic","background_color":"#280202","background_color_stop":{"unit":"%","size":20},"background_color_b":"#2ac9f9","background_gradient_angle":{"unit":"deg","size":90},"text_align":"left","padding":{"unit":"em","top":"0","right":"4","bottom":"0","left":"4","isLinked":false},"background_image":{"url":"http:\/\/themes.wip-themes.com\/aiteko\/wp-content\/uploads\/2019\/01\/pexels-photo-380768.jpeg","id":221},"background_position":"center center","background_attachment":"fixed","background_repeat":"no-repeat","background_size":"cover","background_video_link":"http:\/\/themes.wip-themes.com\/aiteko\/wp-content\/uploads\/2019\/01\/Office-work-background-video-6.mp4","background_video_fallback":{"url":"http:\/\/themes.wip-themes.com\/aiteko\/wp-content\/uploads\/2019\/01\/pexels-photo-380768.jpeg","id":221},"background_overlay_background":"gradient","background_overlay_color":"rgba(0,0,0,0.75)","background_overlay_color_stop":{"unit":"%","size":30},"background_overlay_color_b":"rgba(0,0,0,0.51)","background_overlay_gradient_angle":{"unit":"deg","size":0},"background_overlay_opacity":{"unit":"px","size":1},"css_filters_css_filter":"custom","padding_mobile":{"unit":"em","top":"3","right":"2","bottom":"3","left":"2","isLinked":false},"layout":"full_width"},"elements":[{"id":"654653cb","settings":{"_column_size":100},"elements":[{"id":"30c9ee3a","settings":{"title":"Welcome in <span style=\"font-weight: 700;\">Aiteko.<\/span>","header_size":"h1","title_color":"#fcfcfc","align":"left","typography_typography":"custom","typography_font_size":{"unit":"rem","size":3.5},"typography_line_height":{"unit":"em","size":1.4},"typography_font_size_mobile":{"unit":"px","size":28},"animation_duration":"fast","_animation_delay":1100,"typography_letter_spacing":{"unit":"px","size":-0.3},"_margin":{"unit":"px","top":"0","right":"0","bottom":"0","left":"0","isLinked":false}},"elements":[],"isInner":false,"widgetType":"heading","elType":"widget"},{"id":"4989e9bc","settings":{"editor":"<p>Creative agency that simply works,<br \/>we make progress and bring your ideas to life.<\/p>","text_color":"#eaeaea","typography_typography":"custom","typography_font_size":{"unit":"rem","size":1.6},"typography_font_weight":"400","_padding":{"unit":"em","top":"0","right":"0","bottom":"0.25","left":"0","isLinked":false}},"elements":[],"isInner":false,"widgetType":"text-editor","elType":"widget"},{"id":"7c1794ee","settings":{"text":"OUR WORKS","link":{"url":"http:\/\/themes.wip-themes.com\/aiteko\/works\/","is_external":"","nofollow":""},"align":"left","size":"lg","icon":"fa fa-long-arrow-right","icon_align":"right","icon_indent":{"unit":"px","size":14},"typography_typography":"custom","typography_font_size":{"unit":"rem","size":0.9},"typography_letter_spacing":{"unit":"px","size":2.4},"button_text_color":"#d8d8d8","background_color":"rgba(0,0,0,0)","hover_color":"#ffffff","button_background_hover_color":"#ea3c53","border_border":"solid","border_width":{"unit":"px","top":"1","right":"1","bottom":"1","left":"1","isLinked":true},"border_color":"#dadada","border_radius":{"unit":"px","top":"2","right":"2","bottom":"2","left":"2","isLinked":true},"_margin":{"unit":"px","top":"0","right":"0","bottom":"0","left":"0","isLinked":false},"button_hover_border_color":"#ea3c53"},"elements":[],"isInner":false,"widgetType":"button","elType":"widget"}],"isInner":false,"elType":"column"}],"isInner":false,"elType":"section"},{"id":"491aa509","settings":{"layout":"full_width","gap":"no"},"elements":[{"id":"1f991d72","settings":{"_column_size":100},"elements":[{"id":"16011721","settings":{"space":{"unit":"px","size":68}},"elements":[],"isInner":false,"widgetType":"spacer","elType":"widget"}],"isInner":false,"elType":"column"}],"isInner":false,"elType":"section"},{"id":"64f1889b","settings":{"layout":"full_width","content_width":{"unit":"px","size":500},"height":"min-height","custom_height":{"unit":"px","size":380},"column_position":"stretch","structure":"20","margin":{"unit":"px","top":"","right":0,"bottom":"","left":0,"isLinked":false},"z_index":2,"animation_duration":"fast","gap":"no","margin_mobile":{"unit":"px","top":"0","right":0,"bottom":"0","left":0,"isLinked":false},"padding_mobile":{"unit":"px","top":"0","right":"0","bottom":"0","left":"0","isLinked":true}},"elements":[{"id":"1f75de71","settings":{"_column_size":50,"_inline_size":50,"content_position":"center","space_between_widgets":0,"background_background":"gradient","background_color":"#141414","background_color_b":"#5b5b5b","background_gradient_angle":{"unit":"deg","size":120},"margin":{"unit":"px","top":"0","right":"0","bottom":"0","left":"0","isLinked":true},"padding":{"unit":"em","top":"4","right":"4","bottom":"4","left":"4","isLinked":true},"_inline_size_tablet":70,"box_shadow_box_shadow":{"horizontal":20,"vertical":20,"blur":0,"spread":0,"color":"rgba(0,0,0,0.07)"}},"elements":[{"id":"efcb5f6","settings":{"title":"What we do","title_color":"rgba(255,255,255,0.77)","typography_typography":"custom","typography_font_size":{"unit":"rem","size":0.8},"typography_font_weight":"600","typography_text_transform":"uppercase","typography_letter_spacing":{"unit":"px","size":2}},"elements":[],"isInner":false,"widgetType":"heading","elType":"widget"},{"id":"1cb7ab9f","settings":{"color":"#ffffff","width":{"unit":"px","size":110},"gap":{"unit":"px","size":20}},"elements":[],"isInner":false,"widgetType":"divider","elType":"widget"},{"id":"7895d9c","settings":{"editor":"<p><strong>Aiteko specializes in brand identity design, logo design, packaging and web design<\/strong><\/p>","text_color":"#ffffff","typography_typography":"custom","typography_font_size":{"unit":"rem","size":1.3},"typography_line_height":{"unit":"em","size":1.7},"_margin":{"unit":"px","top":"-30","right":"0","bottom":"0","left":"0","isLinked":false}},"elements":[],"isInner":false,"widgetType":"text-editor","elType":"widget"}],"isInner":false,"elType":"column"},{"id":"3ef4c1f","settings":{"_column_size":50,"_inline_size":50,"_inline_size_tablet":30,"space_between_widgets":0,"css_classes":"elementor-hidden-phone"},"elements":[],"isInner":false,"elType":"column"}],"isInner":false,"elType":"section"},{"id":"75243e37","settings":{"gap":"no","content_position":"middle","margin":{"unit":"px","top":"-200","right":0,"bottom":"0","left":0,"isLinked":false},"margin_tablet":{"unit":"px","top":"-100","right":0,"bottom":"0","left":0,"isLinked":false},"margin_mobile":{"unit":"px","top":"0","right":0,"bottom":"0","left":0,"isLinked":false},"animation_duration":"fast","layout":"full_width","z_index":1},"elements":[{"id":"4128fad2","settings":{"_column_size":100,"_inline_size":null,"background_background":"classic","background_position":"center center","background_attachment":"fixed","background_size":"cover","margin_mobile":{"unit":"px","top":"30","right":"0","bottom":"0","left":"0","isLinked":false}},"elements":[{"id":"2b2e81b3","settings":{"image":{"url":"http:\/\/themes.wip-themes.com\/aiteko\/wp-content\/uploads\/2019\/01\/pexels-photo-1391373.jpeg","id":280},"align":"center","_padding":{"unit":"px","top":"0","right":"0","bottom":"0","left":"100","isLinked":false},"image_size":"custom","image_custom_dimension":{"width":"2000","height":"800"},"_padding_tablet":{"unit":"px","top":"0","right":"0","bottom":"0","left":"50","isLinked":false},"_padding_mobile":{"unit":"px","top":"0","right":"0","bottom":"0","left":"0","isLinked":false}},"elements":[],"isInner":false,"widgetType":"image","elType":"widget"}],"isInner":false,"elType":"column"}],"isInner":false,"elType":"section"},{"id":"5dca271c","settings":{"content_width":{"unit":"px","size":900},"gap":"no","structure":"20","padding":{"unit":"em","top":"2","right":"0","bottom":"0","left":"0","isLinked":false}},"elements":[{"id":"123b8314","settings":{"_column_size":50,"_inline_size":null},"elements":[{"id":"2cf7aecd","settings":{"editor":"<p><b>Many desktop publishing packages and web page editors now use Lorem Ipsum as their default model text.<\/b><\/p>","typography_typography":"custom","typography_font_size":{"unit":"rem","size":1},"_padding":{"unit":"em","top":"0","right":"4","bottom":"0","left":"0","isLinked":false},"_padding_tablet":{"unit":"em","top":"","right":"","bottom":"","left":"","isLinked":false},"_padding_mobile":{"unit":"px","top":"0","right":"0","bottom":"0","left":"0","isLinked":false},"text_color":"#111111","typography_font_style":"normal"},"elements":[],"isInner":false,"widgetType":"text-editor","elType":"widget"},{"id":"1a773edc","settings":{"width":{"unit":"px","size":100}},"elements":[],"isInner":false,"widgetType":"divider","elType":"widget"}],"isInner":false,"elType":"column"},{"id":"6f12e820","settings":{"_column_size":50,"_inline_size":null},"elements":[{"id":"7509de93","settings":{"editor":"<p>It is a long established fact that a reader will be distracted by the readable content of a page when looking at its layout. The point of using Lorem Ipsum is that it has a more-or-less normal distribution of letters, as opposed to using 'Content here, content here', making it look like readable English.<\/p><p>Many desktop publishing packages and web page editors now use Lorem Ipsum as their default model text, and a search for 'lorem ipsum' will uncover many web sites still in their infancy.\u00a0<\/p>","typography_font_size":{"unit":"rem","size":1.2},"_padding":{"unit":"em","top":"","right":"","bottom":"","left":"","isLinked":false},"_padding_tablet":{"unit":"em","top":"","right":"","bottom":"","left":"","isLinked":false},"_padding_mobile":{"unit":"px","top":"0","right":"0","bottom":"0","left":"0","isLinked":false}},"elements":[],"isInner":false,"widgetType":"text-editor","elType":"widget"},{"id":"1ecc4682","settings":{"text":"More about us","link":{"url":"http:\/\/themes.wip-themes.com\/aiteko\/about\/","is_external":"","nofollow":""},"align":"left","size":"lg","icon":"fa fa-long-arrow-right","icon_align":"right","icon_indent":{"unit":"px","size":14},"typography_typography":"custom","typography_font_size":{"unit":"rem","size":0.9},"typography_letter_spacing":{"unit":"px","size":2.4},"button_text_color":"#141414","background_color":"rgba(0,0,0,0)","hover_color":"#ffffff","button_background_hover_color":"#ea3c53","border_border":"solid","border_width":{"unit":"px","top":"1","right":"1","bottom":"1","left":"1","isLinked":true},"border_color":"#141414","border_radius":{"unit":"px","top":"2","right":"2","bottom":"2","left":"2","isLinked":true},"_margin":{"unit":"px","top":"","right":"","bottom":"","left":"","isLinked":false},"button_hover_border_color":"#ea3c53","typography_text_transform":"uppercase","_padding":{"unit":"em","top":"1","right":"0","bottom":"0","left":"0","isLinked":false},"_padding_tablet":{"unit":"em","top":"","right":"","bottom":"","left":"","isLinked":false},"_padding_mobile":{"unit":"px","top":"0","right":"0","bottom":"0","left":"0","isLinked":false}},"elements":[],"isInner":false,"widgetType":"button","elType":"widget"}],"isInner":false,"elType":"column"}],"isInner":false,"elType":"section"},{"id":"2e7e7976","settings":{"layout":"full_width","gap":"no"},"elements":[{"id":"64f52b73","settings":{"_column_size":100},"elements":[{"id":"52a7894c","settings":{"space":{"unit":"px","size":100}},"elements":[],"isInner":false,"widgetType":"spacer","elType":"widget"}],"isInner":false,"elType":"column"}],"isInner":false,"elType":"section"},{"id":"56b3ec43","settings":{"stretch_section":"section-stretched","content_width":{"unit":"px","size":500},"background_background":"classic","background_color":"#141414","padding":{"unit":"em","top":"7","right":"2","bottom":"7","left":"2","isLinked":false},"background_image":{"url":"http:\/\/themes.wip-themes.com\/aiteko\/wp-content\/uploads\/2019\/01\/forest-trees-fog-foggy.jpg","id":596},"background_position":"center center","background_repeat":"no-repeat","background_size":"cover","background_overlay_background":"gradient","background_overlay_color":"rgba(0,0,0,0.97)","background_overlay_color_b":"#000000","background_overlay_gradient_angle":{"unit":"deg","size":90},"background_overlay_opacity":{"unit":"px","size":0.58}},"elements":[{"id":"1a35b76b","settings":{"_column_size":100},"elements":[{"id":"6b10379","settings":{"icon":"fa fa-quote-right","view":"framed","primary_color":"#dddddd","size":{"unit":"px","size":37},"border_width":{"unit":"px","top":"2","right":"2","bottom":"2","left":"2","isLinked":true}},"elements":[],"isInner":false,"widgetType":"icon","elType":"widget"},{"id":"7b89f95e","settings":{"testimonial_content":"A wonderful serenity has taken possession of my entire soul, like these sweet mornings of spring which I enjoy with my whole heart. I am alone, and feel the charm of existence in this spot","testimonial_image":{"url":"http:\/\/themes.wip-themes.com\/aiteko\/wp-content\/uploads\/2019\/01\/pexels-photo-709802.jpeg","id":172},"testimonial_image_size":"thumbnail","testimonial_name":"Lenny Chaniago","testimonial_job":"Yaboboo CEO","content_content_color":"#e5e5e5","name_text_color":"#ffffff","name_typography_typography":"custom","name_typography_font_weight":"bold","job_text_color":"#d1d1d1","job_typography_typography":"custom","job_typography_line_height":{"unit":"em","size":2}},"elements":[],"isInner":false,"widgetType":"testimonial","elType":"widget"}],"isInner":false,"elType":"column"}],"isInner":false,"elType":"section"},{"id":"522e46b8","settings":{"gap":"no","content_position":"middle","margin":{"unit":"%","top":"","right":0,"bottom":"","left":0,"isLinked":false},"margin_tablet":{"unit":"px","top":"0","right":0,"bottom":"0","left":0,"isLinked":false},"margin_mobile":{"unit":"px","top":"0","right":0,"bottom":"0","left":0,"isLinked":false},"animation_duration":"fast","layout":"full_width","stretch_section":"section-stretched","background_background":"classic","background_color":"#f9f9f9","padding":{"unit":"em","top":"4","right":"4","bottom":"4","left":"4","isLinked":false},"padding_mobile":{"unit":"em","top":"2","right":"2","bottom":"2","left":"2","isLinked":true}},"elements":[{"id":"7e8f73cc","settings":{"_column_size":100,"padding_mobile":{"unit":"px","top":"0","right":"0","bottom":"0","left":"0","isLinked":false}},"elements":[{"id":"4e725e4e","settings":{"layout":"full_width","content_width":{"unit":"px","size":500},"height":"min-height","custom_height":{"unit":"px","size":380},"column_position":"stretch","structure":"20","margin":{"unit":"px","top":"","right":0,"bottom":"","left":0,"isLinked":false},"z_index":2,"animation_duration":"fast","gap":"no","reverse_order_mobile":"reverse-mobile"},"elements":[{"id":"74b6b44c","settings":{"_column_size":50,"_inline_size":50,"_inline_size_tablet":30,"space_between_widgets":0,"margin_mobile":{"unit":"%","top":"","right":"","bottom":"","left":"","isLinked":false},"padding_mobile":{"unit":"px","top":"0","right":"0","bottom":"0","left":"0","isLinked":false},"css_classes":"elementor-hidden-phone"},"elements":[],"isInner":false,"elType":"column"},{"id":"7246a75b","settings":{"_column_size":50,"_inline_size":50,"content_position":"center","space_between_widgets":0,"background_background":"gradient","background_color":"#31cded","background_color_b":"#a25dc6","background_gradient_angle":{"unit":"deg","size":120},"margin":{"unit":"px","top":"0","right":"0","bottom":"0","left":"0","isLinked":true},"padding":{"unit":"em","top":"4","right":"4","bottom":"4","left":"4","isLinked":true},"_inline_size_tablet":70,"box_shadow_box_shadow":{"horizontal":20,"vertical":20,"blur":0,"spread":0,"color":"rgba(0,0,0,0.07)"}},"elements":[{"id":"773d508","settings":{"title":"Our Mission","title_color":"rgba(255,255,255,0.77)","typography_typography":"custom","typography_font_size":{"unit":"rem","size":0.8},"typography_font_weight":"600","typography_text_transform":"uppercase","typography_letter_spacing":{"unit":"px","size":2}},"elements":[],"isInner":false,"widgetType":"heading","elType":"widget"},{"id":"6d770783","settings":{"color":"#ffffff","width":{"unit":"px","size":110},"gap":{"unit":"px","size":20}},"elements":[],"isInner":false,"widgetType":"divider","elType":"widget"},{"id":"4f91e1cc","settings":{"editor":"<p class=\"p1\"><strong>Many desktop publishing packages and web page editors now use Lorem Ipsum as their default model text.<\/strong><\/p>","text_color":"#ffffff","typography_typography":"custom","typography_font_size":{"unit":"rem","size":1.3},"typography_line_height":{"unit":"em","size":1.7},"_margin":{"unit":"px","top":"-30","right":"0","bottom":"0","left":"0","isLinked":false}},"elements":[],"isInner":false,"widgetType":"text-editor","elType":"widget"}],"isInner":false,"elType":"column"}],"isInner":false,"elType":"section"},{"id":"1003147f","settings":{"gap":"no","content_position":"middle","margin":{"unit":"px","top":"-200","right":0,"bottom":"0","left":0,"isLinked":false},"margin_tablet":{"unit":"px","top":"-100","right":0,"bottom":"0","left":0,"isLinked":false},"margin_mobile":{"unit":"px","top":"0","right":0,"bottom":"0","left":0,"isLinked":false},"animation_duration":"fast","layout":"full_width","z_index":1},"elements":[{"id":"508890c8","settings":{"_column_size":100,"_inline_size":null,"background_background":"classic","background_position":"center center","background_attachment":"fixed","background_size":"cover","margin_mobile":{"unit":"px","top":"30","right":"0","bottom":"0","left":"0","isLinked":false}},"elements":[{"id":"21b7d4df","settings":{"image":{"url":"http:\/\/themes.wip-themes.com\/aiteko\/wp-content\/uploads\/2019\/01\/pexels-photo-1327214.jpeg","id":300},"align":"center","_padding":{"unit":"px","top":"0","right":"100","bottom":"0","left":"0","isLinked":false},"image_size":"custom","image_custom_dimension":{"width":"2000","height":"800"},"_padding_tablet":{"unit":"px","top":"0","right":"50","bottom":"0","left":"0","isLinked":false},"_padding_mobile":{"unit":"px","top":"0","right":"0","bottom":"0","left":"0","isLinked":false}},"elements":[],"isInner":false,"widgetType":"image","elType":"widget"}],"isInner":false,"elType":"column"}],"isInner":false,"elType":"section"},{"id":"6c7bdb3e","settings":{"content_width":{"unit":"px","size":900},"gap":"no","structure":"20","padding":{"unit":"em","top":"2","right":"0","bottom":"0","left":"0","isLinked":false}},"elements":[{"id":"6b74705f","settings":{"_column_size":50,"_inline_size":null},"elements":[{"id":"4afc53ff","settings":{"editor":"<p><b>Many desktop publishing packages and web page editors now use Lorem Ipsum as their default model text.<\/b><\/p>","typography_typography":"custom","typography_font_size":{"unit":"rem","size":1},"_padding":{"unit":"em","top":"0","right":"4","bottom":"0","left":"0","isLinked":false},"_padding_tablet":{"unit":"em","top":"","right":"","bottom":"","left":"","isLinked":false},"_padding_mobile":{"unit":"px","top":"0","right":"0","bottom":"0","left":"0","isLinked":false},"text_color":"#111111","typography_font_style":"normal"},"elements":[],"isInner":false,"widgetType":"text-editor","elType":"widget"},{"id":"44633350","settings":{"width":{"unit":"px","size":100}},"elements":[],"isInner":false,"widgetType":"divider","elType":"widget"}],"isInner":true,"elType":"column"},{"id":"38701c0e","settings":{"_column_size":50,"_inline_size":null},"elements":[{"id":"80b29df","settings":{"editor":"<p>It is a long established fact that a reader will be distracted by the readable content of a page when looking at its layout. The point of using Lorem Ipsum is that it has a more-or-less normal distribution of letters, as opposed to using 'Content here, content here', making it look like readable English.<\/p><p>Many desktop publishing packages and web page editors now use Lorem Ipsum as their default model text, and a search for 'lorem ipsum' will uncover many web sites still in their infancy.\u00a0<\/p>","typography_font_size":{"unit":"rem","size":1.2},"_padding":{"unit":"em","top":"","right":"","bottom":"","left":"","isLinked":false},"_padding_tablet":{"unit":"em","top":"","right":"","bottom":"","left":"","isLinked":false},"_padding_mobile":{"unit":"px","top":"0","right":"0","bottom":"0","left":"0","isLinked":false}},"elements":[],"isInner":false,"widgetType":"text-editor","elType":"widget"},{"id":"6dd6e46b","settings":{"text":"Our work","link":{"url":"http:\/\/themes.wip-themes.com\/aiteko\/works\/","is_external":"","nofollow":""},"align":"left","size":"lg","icon":"fa fa-long-arrow-right","icon_align":"right","icon_indent":{"unit":"px","size":14},"typography_typography":"custom","typography_font_size":{"unit":"rem","size":0.9},"typography_letter_spacing":{"unit":"px","size":2.4},"button_text_color":"#141414","background_color":"rgba(0,0,0,0)","hover_color":"#ffffff","button_background_hover_color":"#ea3c53","border_border":"solid","border_width":{"unit":"px","top":"1","right":"1","bottom":"1","left":"1","isLinked":true},"border_color":"#141414","border_radius":{"unit":"px","top":"2","right":"2","bottom":"2","left":"2","isLinked":true},"_margin":{"unit":"px","top":"0","right":"0","bottom":"0","left":"0","isLinked":false},"button_hover_border_color":"#ea3c53","typography_text_transform":"uppercase","_padding":{"unit":"px","top":"0","right":"0","bottom":"0","left":"0","isLinked":false},"_padding_tablet":{"unit":"px","top":"0","right":"0","bottom":"0","left":"0","isLinked":false},"_padding_mobile":{"unit":"px","top":"0","right":"0","bottom":"0","left":"0","isLinked":false}},"elements":[],"isInner":false,"widgetType":"button","elType":"widget"}],"isInner":true,"elType":"column"}],"isInner":true,"elType":"section"}],"isInner":false,"elType":"column"}],"isInner":false,"elType":"section"},{"id":"35af1ff0","settings":{"layout":"full_width","gap":"no"},"elements":[{"id":"2fb4cb9c","settings":{"_column_size":100},"elements":[{"id":"42af9410","settings":{"space":{"unit":"px","size":68}},"elements":[],"isInner":false,"widgetType":"spacer","elType":"widget"}],"isInner":false,"elType":"column"}],"isInner":false,"elType":"section"},{"id":"1ba5da2c","settings":{"margin":{"unit":"px","top":"0","right":0,"bottom":"0","left":0,"isLinked":false},"margin_tablet":{"unit":"%","top":"","right":0,"bottom":"","left":0,"isLinked":false},"margin_mobile":{"unit":"%","top":"","right":0,"bottom":"","left":0,"isLinked":false},"layout":"full_width","gap":"no"},"elements":[{"id":"2fa5bed9","settings":{"_column_size":100,"space_between_widgets":0},"elements":[{"id":"4eaf0e9f","settings":{"title":"Brands we works","align":"center","typography_typography":"custom","typography_font_size":{"unit":"rem","size":0.8},"typography_font_weight":"600","typography_text_transform":"uppercase","typography_letter_spacing":{"unit":"px","size":2}},"elements":[],"isInner":false,"widgetType":"heading","elType":"widget"},{"id":"655ee7ef","settings":{"width":{"unit":"px","size":210},"align":"center","gap":{"unit":"px","size":30}},"elements":[],"isInner":false,"widgetType":"divider","elType":"widget"}],"isInner":false,"elType":"column"}],"isInner":false,"elType":"section"},{"id":"5be6b8ec","settings":{"content_position":"middle","structure":"70","margin":{"unit":"%","top":"","right":0,"bottom":"","left":0,"isLinked":false},"margin_tablet":{"unit":"px","top":"0","right":0,"bottom":"50","left":0,"isLinked":false},"layout":"full_width","gap":"wide","padding":{"unit":"em","top":"0","right":"0","bottom":"4","left":"0","isLinked":false},"padding_tablet":{"unit":"em","top":"0","right":"0","bottom":"3","left":"0","isLinked":false},"padding_mobile":{"unit":"em","top":"0","right":"0","bottom":"2","left":"0","isLinked":false}},"elements":[{"id":"4d310588","settings":{"_column_size":14,"_inline_size":null,"_inline_size_mobile":50,"space_between_widgets":10,"animation":"fadeInUp","animation_duration":"fast","animation_delay":500,"_inline_size_tablet":33.33333,"border_border":"solid","border_width":{"unit":"px","top":"1","right":"1","bottom":"1","left":"1","isLinked":true},"border_color":"#e8e8e8","border_radius":{"unit":"px","top":"3","right":"3","bottom":"3","left":"3","isLinked":true},"box_shadow_box_shadow_type":"yes","box_shadow_box_shadow":{"horizontal":0,"vertical":0,"blur":5,"spread":0,"color":"rgba(0,0,0,0.07)"},"margin":{"unit":"px","top":"10","right":"10","bottom":"10","left":"10","isLinked":true}},"elements":[{"id":"54504ee3","settings":{"image":{"url":"http:\/\/themes.wip-themes.com\/aiteko\/wp-content\/uploads\/2019\/01\/dribbble-logo.png","id":284},"link_to":"custom","link":{"url":"#","is_external":"","nofollow":""},"opacity":{"unit":"px","size":0.75},"opacity_hover":{"unit":"px","size":1},"css_filters_hover_css_filter":"custom","css_filters_hover_blur":{"unit":"px","size":3},"background_hover_transition":{"unit":"px","size":0.2}},"elements":[],"isInner":false,"widgetType":"image","elType":"widget"}],"isInner":false,"elType":"column"},{"id":"3f68790c","settings":{"_column_size":14,"_inline_size":null,"_inline_size_mobile":50,"space_between_widgets":10,"animation":"fadeInUp","animation_duration":"fast","animation_delay":500,"_inline_size_tablet":33.33333,"border_border":"solid","border_width":{"unit":"px","top":"1","right":"1","bottom":"1","left":"1","isLinked":true},"border_color":"#e8e8e8","border_radius":{"unit":"px","top":"3","right":"3","bottom":"3","left":"3","isLinked":true},"box_shadow_box_shadow_type":"yes","box_shadow_box_shadow":{"horizontal":0,"vertical":0,"blur":5,"spread":0,"color":"rgba(0,0,0,0.07)"},"margin":{"unit":"px","top":"10","right":"10","bottom":"10","left":"10","isLinked":true}},"elements":[{"id":"9ef1ec1","settings":{"image":{"url":"http:\/\/themes.wip-themes.com\/aiteko\/wp-content\/uploads\/2019\/01\/ph-logo.png","id":285},"link_to":"custom","link":{"url":"#","is_external":"","nofollow":""},"opacity":{"unit":"px","size":0.75},"opacity_hover":{"unit":"px","size":1},"css_filters_hover_css_filter":"custom","css_filters_hover_blur":{"unit":"px","size":3},"background_hover_transition":{"unit":"px","size":0.2}},"elements":[],"isInner":false,"widgetType":"image","elType":"widget"}],"isInner":false,"elType":"column"},{"id":"47c593dc","settings":{"_column_size":14,"_inline_size":null,"_inline_size_mobile":50,"space_between_widgets":10,"animation":"fadeInUp","animation_duration":"fast","animation_delay":500,"_inline_size_tablet":33.33333,"border_border":"solid","border_width":{"unit":"px","top":"1","right":"1","bottom":"1","left":"1","isLinked":true},"border_color":"#e8e8e8","border_radius":{"unit":"px","top":"3","right":"3","bottom":"3","left":"3","isLinked":true},"box_shadow_box_shadow_type":"yes","box_shadow_box_shadow":{"horizontal":0,"vertical":0,"blur":5,"spread":0,"color":"rgba(0,0,0,0.07)"},"margin":{"unit":"px","top":"10","right":"10","bottom":"10","left":"10","isLinked":true}},"elements":[{"id":"121476ff","settings":{"image":{"url":"http:\/\/themes.wip-themes.com\/aiteko\/wp-content\/uploads\/2019\/01\/cola-coca.png","id":291},"link_to":"custom","link":{"url":"#","is_external":"","nofollow":""},"opacity":{"unit":"px","size":0.75},"opacity_hover":{"unit":"px","size":1},"css_filters_hover_css_filter":"custom","css_filters_hover_blur":{"unit":"px","size":3},"background_hover_transition":{"unit":"px","size":0.2}},"elements":[],"isInner":false,"widgetType":"image","elType":"widget"}],"isInner":false,"elType":"column"},{"id":"56e52150","settings":{"_column_size":14,"_inline_size":null,"_inline_size_mobile":50,"animation":"fadeInUp","animation_duration":"fast","animation_delay":500,"_inline_size_tablet":33.33333,"space_between_widgets":10,"border_border":"solid","border_width":{"unit":"px","top":"1","right":"1","bottom":"1","left":"1","isLinked":true},"border_color":"#e8e8e8","border_radius":{"unit":"px","top":"3","right":"3","bottom":"3","left":"3","isLinked":true},"box_shadow_box_shadow_type":"yes","box_shadow_box_shadow":{"horizontal":0,"vertical":0,"blur":5,"spread":0,"color":"rgba(0,0,0,0.07)"},"margin":{"unit":"px","top":"10","right":"10","bottom":"10","left":"10","isLinked":true}},"elements":[{"id":"684ac74b","settings":{"image":{"url":"http:\/\/themes.wip-themes.com\/aiteko\/wp-content\/uploads\/2019\/01\/volkom.png","id":292},"link_to":"custom","link":{"url":"#","is_external":"","nofollow":""},"opacity":{"unit":"px","size":0.75},"opacity_hover":{"unit":"px","size":1},"css_filters_hover_css_filter":"custom","css_filters_hover_blur":{"unit":"px","size":3},"background_hover_transition":{"unit":"px","size":0.2}},"elements":[],"isInner":false,"widgetType":"image","elType":"widget"}],"isInner":false,"elType":"column"},{"id":"1a00e565","settings":{"_column_size":14,"_inline_size":null,"_inline_size_mobile":50,"animation":"fadeInUp","animation_duration":"fast","animation_delay":500,"_inline_size_tablet":33.33333,"space_between_widgets":10,"border_border":"solid","border_width":{"unit":"px","top":"1","right":"1","bottom":"1","left":"1","isLinked":true},"border_color":"#e8e8e8","border_radius":{"unit":"px","top":"3","right":"3","bottom":"3","left":"3","isLinked":true},"box_shadow_box_shadow_type":"yes","box_shadow_box_shadow":{"horizontal":0,"vertical":0,"blur":5,"spread":0,"color":"rgba(0,0,0,0.07)"},"margin":{"unit":"px","top":"10","right":"10","bottom":"10","left":"10","isLinked":true}},"elements":[{"id":"2d6825a0","settings":{"image":{"url":"http:\/\/themes.wip-themes.com\/aiteko\/wp-content\/uploads\/2019\/01\/booah.png","id":288},"link_to":"custom","link":{"url":"#","is_external":"","nofollow":""},"opacity":{"unit":"px","size":0.75},"opacity_hover":{"unit":"px","size":1},"css_filters_hover_css_filter":"custom","css_filters_hover_blur":{"unit":"px","size":3},"background_hover_transition":{"unit":"px","size":0.2}},"elements":[],"isInner":false,"widgetType":"image","elType":"widget"}],"isInner":false,"elType":"column"},{"id":"388df1e5","settings":{"_column_size":14,"_inline_size":null,"_inline_size_mobile":50,"animation":"fadeInUp","animation_duration":"fast","animation_delay":500,"_inline_size_tablet":33.33333,"space_between_widgets":10,"border_border":"solid","border_width":{"unit":"px","top":"1","right":"1","bottom":"1","left":"1","isLinked":true},"border_color":"#e8e8e8","border_radius":{"unit":"px","top":"3","right":"3","bottom":"3","left":"3","isLinked":true},"box_shadow_box_shadow_type":"yes","box_shadow_box_shadow":{"horizontal":0,"vertical":0,"blur":5,"spread":0,"color":"rgba(0,0,0,0.07)"},"margin":{"unit":"px","top":"10","right":"10","bottom":"10","left":"10","isLinked":true}},"elements":[{"id":"56bd6f6e","settings":{"image":{"url":"http:\/\/themes.wip-themes.com\/aiteko\/wp-content\/uploads\/2019\/01\/champion.png","id":290},"link_to":"custom","link":{"url":"#","is_external":"","nofollow":""},"opacity":{"unit":"px","size":0.75},"opacity_hover":{"unit":"px","size":1},"css_filters_hover_css_filter":"custom","css_filters_hover_blur":{"unit":"px","size":3},"background_hover_transition":{"unit":"px","size":0.2}},"elements":[],"isInner":false,"widgetType":"image","elType":"widget"}],"isInner":false,"elType":"column"},{"id":"621da6a5","settings":{"_column_size":14,"_inline_size":null,"_inline_size_mobile":50,"animation":"fadeInUp","animation_duration":"fast","animation_delay":500,"_inline_size_tablet":33.33333,"space_between_widgets":10,"border_border":"solid","border_width":{"unit":"px","top":"1","right":"1","bottom":"1","left":"1","isLinked":true},"border_color":"#e8e8e8","border_radius":{"unit":"px","top":"3","right":"3","bottom":"3","left":"3","isLinked":true},"box_shadow_box_shadow_type":"yes","box_shadow_box_shadow":{"horizontal":0,"vertical":0,"blur":5,"spread":0,"color":"rgba(0,0,0,0.07)"},"margin":{"unit":"px","top":"10","right":"10","bottom":"10","left":"10","isLinked":true}},"elements":[{"id":"2eb8b4f2","settings":{"image":{"url":"http:\/\/themes.wip-themes.com\/aiteko\/wp-content\/uploads\/2019\/01\/cenggur.png","id":289},"link_to":"custom","link":{"url":"#","is_external":"","nofollow":""},"opacity":{"unit":"px","size":0.75},"opacity_hover":{"unit":"px","size":1},"css_filters_hover_css_filter":"custom","css_filters_hover_blur":{"unit":"px","size":3},"background_hover_transition":{"unit":"px","size":0.2}},"elements":[],"isInner":false,"widgetType":"image","elType":"widget"}],"isInner":false,"elType":"column"}],"isInner":false,"elType":"section"}]}