{"version":"0.4","title":"Aiteko single portfolio 2","type":"page","content":[{"id":"21065eaa","settings":{"layout":"full_width","margin":{"unit":"px","top":"50","right":0,"bottom":"0","left":0,"isLinked":false}},"elements":[{"id":"5ce3c299","settings":{"_column_size":100},"elements":[{"id":"14b252c2","settings":{"layout":"full_width","structure":"20","animation":"fadeInUp","animation_duration":"fast"},"elements":[{"id":"4efc601d","settings":{"_column_size":50,"_inline_size":null,"content_position":"center","space_between_widgets":10,"background_color":"#f7f7f7","border_width":{"unit":"px","top":"0","right":"0","bottom":"0","left":"0","isLinked":false},"border_color":"#cccccc","border_radius":{"unit":"px","top":"0","right":"0","bottom":"0","left":"0","isLinked":false}},"elements":[{"id":"4fa0f378","settings":{"title":"The Challenge","header_size":"h3","align":"left","_margin":{"unit":"px","top":"15","right":"0","bottom":"0","left":"0","isLinked":false}},"elements":[],"isInner":false,"widgetType":"heading","elType":"widget"},{"id":"1ef6c549","settings":{"editor":"<p class=\"p1\">There are many variations of passages of Lorem Ipsum available, but the majority have suffered alteration in some form, by injected humour, or randomised words which don't look even slightly believable. If you are going to use a passage of Lorem Ipsum, you need to be sure there isn't anything embarrassing hidden in the middle of text.<\/p>"},"elements":[],"isInner":false,"widgetType":"text-editor","elType":"widget"}],"isInner":true,"elType":"column"},{"id":"6ded043d","settings":{"_column_size":50,"_inline_size":null},"elements":[],"isInner":true,"elType":"column"}],"isInner":true,"elType":"section"}],"isInner":false,"elType":"column"}],"isInner":false,"elType":"section"},{"id":"18bdf55b","settings":{"layout":"full_width","margin":{"unit":"px","top":"50","right":0,"bottom":"0","left":0,"isLinked":false},"animation":"fadeInUp","animation_duration":"fast"},"elements":[{"id":"7f7145e0","settings":{"_column_size":100},"elements":[{"id":"4c286fde","settings":{"layout":"full_width","structure":"20","reverse_order_mobile":"reverse-mobile"},"elements":[{"id":"4c65311e","settings":{"_column_size":50,"_inline_size":null},"elements":[],"isInner":true,"elType":"column"},{"id":"6ad3945b","settings":{"_column_size":50,"_inline_size":null,"content_position":"center","space_between_widgets":10,"background_color":"#f7f7f7","border_width":{"unit":"px","top":"1","right":"0","bottom":"0","left":"0","isLinked":false},"border_color":"#cccccc","border_radius":{"unit":"px","top":"0","right":"0","bottom":"0","left":"0","isLinked":false}},"elements":[{"id":"693d8f6f","settings":{"title":"The Concept","header_size":"h3","align":"left","_margin":{"unit":"px","top":"0","right":"0","bottom":"0","left":"0","isLinked":false}},"elements":[],"isInner":false,"widgetType":"heading","elType":"widget"},{"id":"2db96948","settings":{"editor":"<p class=\"p1\"><span style=\"font-family: 'Source Sans Pro', -apple-system, BlinkMacSystemFont, 'Segoe UI', Roboto, 'Helvetica Neue', Arial, sans-serif, 'Apple Color Emoji', 'Segoe UI Emoji', 'Segoe UI Symbol', 'Noto Color Emoji'; font-size: 1rem;\">All the Lorem Ipsum generators on the Internet tend to repeat predefined chunks as necessary, making this the first true generator on the Internet. It uses a dictionary of over 200 Latin words, combined with a handful of model sentence structures, to generate Lorem Ipsum which looks reasonable. The generated Lorem Ipsum is therefore always free from repetition, injected humour, or non-characteristic words etc.<\/span><\/p>"},"elements":[],"isInner":false,"widgetType":"text-editor","elType":"widget"}],"isInner":true,"elType":"column"}],"isInner":true,"elType":"section"}],"isInner":false,"elType":"column"}],"isInner":false,"elType":"section"},{"id":"70c5cb23","settings":{"layout":"full_width","margin":{"unit":"px","top":"50","right":0,"bottom":"0","left":0,"isLinked":false},"animation":"fadeInUp","animation_duration":"fast"},"elements":[{"id":"10db680d","settings":{"_column_size":100},"elements":[{"id":"449a836f","settings":{"youtube_url":"https:\/\/www.youtube.com\/watch?v=WYP9AGtLvRg","vimeo_url":"https:\/\/vimeo.com\/235215203","dailymotion_url":"https:\/\/www.dailymotion.com\/video\/x6tqhqb"},"elements":[],"isInner":false,"widgetType":"video","elType":"widget"}],"isInner":false,"elType":"column"}],"isInner":false,"elType":"section"},{"id":"6334f9c8","settings":{"layout":"full_width","structure":"30","margin":{"unit":"px","top":"50","right":0,"bottom":"0","left":0,"isLinked":false}},"elements":[{"id":"488a01c3","settings":{"_column_size":33,"_inline_size":null,"space_between_widgets":10},"elements":[{"id":"7c31444e","settings":{"editor":"<p><strong>Year<\/strong><\/p><p>2017 - 2018<\/p>","align":"center"},"elements":[],"isInner":false,"widgetType":"text-editor","elType":"widget"}],"isInner":false,"elType":"column"},{"id":"3111a43e","settings":{"_column_size":33,"_inline_size":null,"space_between_widgets":10},"elements":[{"id":"4b007b49","settings":{"editor":"<p><strong>Role<\/strong><\/p><p>Brand identity, Creative direction<\/p>","align":"center"},"elements":[],"isInner":false,"widgetType":"text-editor","elType":"widget"}],"isInner":false,"elType":"column"},{"id":"6e508cb3","settings":{"_column_size":33,"_inline_size":null,"space_between_widgets":10},"elements":[{"id":"37a879c0","settings":{"editor":"<p><strong>Client<\/strong><\/p><p>Nikeboo<\/p>","align":"center"},"elements":[],"isInner":false,"widgetType":"text-editor","elType":"widget"}],"isInner":false,"elType":"column"}],"isInner":false,"elType":"section"}]}