{"version":"0.4","title":"Aiteko Homepage 1","type":"page","content":[{"id":"3bd89c9a","settings":{"stretch_section":"section-stretched","height":"full","content_position":"middle","background_background":"video","background_color":"#280202","background_color_stop":{"unit":"%","size":20},"background_color_b":"#2ac9f9","background_gradient_angle":{"unit":"deg","size":90},"text_align":"left","padding":{"unit":"em","top":"0","right":"4","bottom":"0","left":"4","isLinked":false},"background_image":{"url":"http:\/\/themes.wip-themes.com\/aiteko\/wp-content\/uploads\/2019\/01\/pexels-photo-380768.jpeg","id":221},"background_position":"center center","background_attachment":"fixed","background_repeat":"no-repeat","background_size":"cover","background_video_link":"http:\/\/themes.wip-themes.com\/aiteko\/wp-content\/uploads\/2019\/01\/Office-work-background-video-6.mp4","background_video_fallback":{"url":"http:\/\/themes.wip-themes.com\/aiteko\/wp-content\/uploads\/2019\/01\/pexels-photo-380768.jpeg","id":221},"background_overlay_background":"gradient","background_overlay_color":"#ffffff","background_overlay_color_stop":{"unit":"%","size":30},"background_overlay_color_b":"rgba(255,255,255,0.14)","background_overlay_gradient_angle":{"unit":"deg","size":90},"background_overlay_opacity":{"unit":"px","size":0.99},"css_filters_css_filter":"custom","padding_mobile":{"unit":"em","top":"3","right":"2","bottom":"3","left":"2","isLinked":false}},"elements":[{"id":"76d8248","settings":{"_column_size":100},"elements":[{"id":"637eb1b0","settings":{"title":"We are <span style=\"font-weight: 700;\">Aiteko.<\/span><br>Creative agency that <b>simply works.<\/b><br>We make <b>progress<\/b> and bring your <b>ideas to life<\/b>.","header_size":"h1","title_color":"#3d3d3d","align":"left","typography_typography":"custom","typography_font_size":{"unit":"em","size":""},"typography_line_height":{"unit":"em","size":1.4},"typography_font_size_mobile":{"unit":"px","size":28},"animation_duration":"fast","_animation_delay":1100},"elements":[],"isInner":false,"widgetType":"heading","elType":"widget"},{"id":"27627520","settings":{"layout":"full_width","gap":"no","structure":"20"},"elements":[{"id":"73820a70","settings":{"_column_size":50,"_inline_size":null,"margin_mobile":{"unit":"px","top":"0","right":"0","bottom":"0","left":"0","isLinked":false},"padding":{"unit":"px","top":"0","right":"20","bottom":"0","left":"0","isLinked":false},"padding_tablet":{"unit":"px","top":"0","right":"20","bottom":"0","left":"0","isLinked":false},"padding_mobile":{"unit":"px","top":"0","right":"0","bottom":"0","left":"0","isLinked":false},"animation_duration":"fast","animation_delay":1200},"elements":[{"id":"40aeeb73","settings":{"editor":"<p class=\"p1\">We've been creating award-winning websites, digital products and mobile apps since 2015.<\/p>"},"elements":[],"isInner":false,"widgetType":"text-editor","elType":"widget"},{"id":"3fb495c3","settings":{"text":"PREVIOUS WORKS","align":"left","size":"md","button_text_color":"#ffffff","background_color":"#1a1a1a","hover_color":"#1a1a1a","button_background_hover_color":"rgba(26,26,26,0)","border_border":"solid","border_width":{"unit":"px","top":"1","right":"1","bottom":"1","left":"1","isLinked":true},"border_color":"#1a1a1a","border_radius":{"unit":"px","top":"2","right":"2","bottom":"2","left":"2","isLinked":true},"_margin":{"unit":"px","top":"0","right":"0","bottom":"0","left":"0","isLinked":false},"animation_duration":"fast","_animation_delay":1200},"elements":[],"isInner":false,"widgetType":"button","elType":"widget"}],"isInner":true,"elType":"column"},{"id":"1cf156c1","settings":{"_column_size":50,"_inline_size":null,"margin_mobile":{"unit":"px","top":"10","right":"0","bottom":"0","left":"0","isLinked":false},"padding":{"unit":"px","top":"0","right":"0","bottom":"0","left":"20","isLinked":false},"padding_tablet":{"unit":"px","top":"0","right":"0","bottom":"0","left":"20","isLinked":false},"padding_mobile":{"unit":"px","top":"0","right":"0","bottom":"0","left":"0","isLinked":false}},"elements":[{"id":"1ddd0f4d","settings":{"editor":"<p class=\"p1\">We are a team of more than 20 experienced professionals in design and development.\u00a0<\/p>"},"elements":[],"isInner":false,"widgetType":"text-editor","elType":"widget"},{"id":"3bf95483","settings":{"text":"CONTACT US","align":"left","size":"md","button_text_color":"#ffffff","background_color":"#1a1a1a","hover_color":"#1a1a1a","button_background_hover_color":"rgba(26,26,26,0)","border_border":"solid","border_width":{"unit":"px","top":"1","right":"1","bottom":"1","left":"1","isLinked":true},"border_color":"#1a1a1a","border_radius":{"unit":"px","top":"2","right":"2","bottom":"2","left":"2","isLinked":true},"_margin":{"unit":"px","top":"0","right":"0","bottom":"0","left":"0","isLinked":false},"animation_duration":"fast","_animation_delay":1200},"elements":[],"isInner":false,"widgetType":"button","elType":"widget"}],"isInner":true,"elType":"column"}],"isInner":true,"elType":"section"}],"isInner":false,"elType":"column"}],"isInner":false,"elType":"section"},{"id":"5f11a998","settings":{"gap":"no","content_position":"middle","structure":"30","margin":{"unit":"px","top":"200","right":0,"bottom":"0","left":0,"isLinked":false},"margin_tablet":{"unit":"px","top":"100","right":0,"bottom":"0","left":0,"isLinked":false},"margin_mobile":{"unit":"px","top":"50","right":0,"bottom":"0","left":0,"isLinked":false}},"elements":[{"id":"6f61c3f7","settings":{"_column_size":33,"_inline_size":42.018},"elements":[{"id":"70dcab7c","settings":{"title":"What we do.","align":"left"},"elements":[],"isInner":false,"widgetType":"heading","elType":"widget"},{"id":"66963b6c","settings":{"editor":"<p class=\"p1\">It is a long established fact that a reader will be distracted by the readable content of a page when looking at its layout. The point of using Lorem Ipsum is that it has a more-or-less normal distribution of letters, as opposed to using 'Content here, content here', making it look like readable English.<\/p><p class=\"p1\"><a href=\"#\">Get in touch<\/a><\/p>","align":"left"},"elements":[],"isInner":false,"widgetType":"text-editor","elType":"widget"}],"isInner":false,"elType":"column"},{"id":"7410a34e","settings":{"_column_size":33,"_inline_size":7.982},"elements":[],"isInner":false,"elType":"column"},{"id":"2c45ef74","settings":{"_column_size":33,"_inline_size":49.996,"background_background":"classic","background_position":"center center","background_attachment":"fixed","background_size":"cover","margin_mobile":{"unit":"px","top":"30","right":"0","bottom":"0","left":"0","isLinked":false}},"elements":[{"id":"642390d9","settings":{"image":{"url":"http:\/\/themes.wip-themes.com\/aiteko\/wp-content\/uploads\/2019\/01\/pexels-photo-1391373.jpeg","id":280},"align":"center"},"elements":[],"isInner":false,"widgetType":"image","elType":"widget"}],"isInner":false,"elType":"column"}],"isInner":false,"elType":"section"},{"id":"256bde3f","settings":{"gap":"no","content_position":"middle","structure":"30","margin":{"unit":"px","top":"200","right":0,"bottom":"0","left":0,"isLinked":false},"margin_tablet":{"unit":"px","top":"100","right":0,"bottom":"0","left":0,"isLinked":false},"margin_mobile":{"unit":"px","top":"50","right":0,"bottom":"0","left":0,"isLinked":false}},"elements":[{"id":"72f40dad","settings":{"_column_size":33,"_inline_size":50},"elements":[{"id":"19b95a02","settings":{"image":{"url":"http:\/\/themes.wip-themes.com\/aiteko\/wp-content\/uploads\/2019\/01\/pexels-photo-1327214.jpeg","id":300},"align":"center","animation_duration":"fast","_animation_delay":500},"elements":[],"isInner":false,"widgetType":"image","elType":"widget"}],"isInner":false,"elType":"column"},{"id":"1602814c","settings":{"_column_size":33,"_inline_size":7.982},"elements":[],"isInner":false,"elType":"column"},{"id":"4ff372fd","settings":{"_column_size":33,"_inline_size":42.014,"margin_mobile":{"unit":"px","top":"30","right":"0","bottom":"0","left":"0","isLinked":false}},"elements":[{"id":"1612c1fe","settings":{"title":"Our visions.","align":"left"},"elements":[],"isInner":false,"widgetType":"heading","elType":"widget"},{"id":"3f56670e","settings":{"editor":"<p class=\"p1\">It is a long established fact that a reader will be distracted by the readable content of a page when looking at its layout. The point of using Lorem Ipsum is that it has a more-or-less normal distribution of letters, as opposed to using 'Content here, content here', making it look like readable English.<\/p><p class=\"p1\"><a href=\"#\">More about us<\/a><\/p>","align":"left"},"elements":[],"isInner":false,"widgetType":"text-editor","elType":"widget"}],"isInner":false,"elType":"column"}],"isInner":false,"elType":"section"},{"id":"3f6baa05","settings":{"margin":{"unit":"px","top":"200","right":0,"bottom":"0","left":0,"isLinked":false},"margin_tablet":{"unit":"px","top":"100","right":0,"bottom":"0","left":0,"isLinked":false},"margin_mobile":{"unit":"px","top":"50","right":0,"bottom":"0","left":0,"isLinked":false}},"elements":[{"id":"1d961263","settings":{"_column_size":100},"elements":[{"id":"18ea67cb","settings":{"title":"Brands we works","align":"center"},"elements":[],"isInner":false,"widgetType":"heading","elType":"widget"}],"isInner":false,"elType":"column"}],"isInner":false,"elType":"section"},{"id":"18020262","settings":{"content_position":"middle","structure":"60","margin":{"unit":"px","top":"0","right":0,"bottom":"50","left":0,"isLinked":false},"margin_tablet":{"unit":"px","top":"0","right":0,"bottom":"50","left":0,"isLinked":false}},"elements":[{"id":"5ad7dd17","settings":{"_column_size":16,"_inline_size":null,"_inline_size_mobile":50,"space_between_widgets":10,"animation":"fadeInUp","animation_duration":"fast","animation_delay":500},"elements":[{"id":"46b6ece6","settings":{"image":{"url":"http:\/\/themes.wip-themes.com\/aiteko\/wp-content\/uploads\/2019\/01\/dribbble-logo.png","id":284}},"elements":[],"isInner":false,"widgetType":"image","elType":"widget"}],"isInner":false,"elType":"column"},{"id":"17b92446","settings":{"_column_size":16,"_inline_size":null,"_inline_size_mobile":50,"space_between_widgets":10,"animation":"fadeInUp","animation_duration":"fast","animation_delay":700},"elements":[{"id":"5117410b","settings":{"image":{"url":"http:\/\/themes.wip-themes.com\/aiteko\/wp-content\/uploads\/2019\/01\/ph-logo.png","id":285}},"elements":[],"isInner":false,"widgetType":"image","elType":"widget"}],"isInner":false,"elType":"column"},{"id":"5011332b","settings":{"_column_size":16,"_inline_size":null,"_inline_size_mobile":50,"space_between_widgets":10,"animation":"fadeInUp","animation_duration":"fast","animation_delay":900},"elements":[{"id":"15c0d9f3","settings":{"image":{"url":"http:\/\/themes.wip-themes.com\/aiteko\/wp-content\/uploads\/2019\/01\/cola-coca.png","id":291}},"elements":[],"isInner":false,"widgetType":"image","elType":"widget"}],"isInner":false,"elType":"column"},{"id":"738fd9ad","settings":{"_column_size":16,"_inline_size":null,"_inline_size_mobile":50,"animation":"fadeInUp","animation_duration":"fast","animation_delay":1100},"elements":[{"id":"70401ea2","settings":{"image":{"url":"http:\/\/themes.wip-themes.com\/aiteko\/wp-content\/uploads\/2019\/01\/volkom.png","id":292}},"elements":[],"isInner":false,"widgetType":"image","elType":"widget"}],"isInner":false,"elType":"column"},{"id":"65a2625d","settings":{"_column_size":16,"_inline_size":null,"_inline_size_mobile":50,"animation":"fadeInUp","animation_duration":"fast","animation_delay":1300},"elements":[{"id":"553a3269","settings":{"image":{"url":"http:\/\/themes.wip-themes.com\/aiteko\/wp-content\/uploads\/2019\/01\/booah.png","id":288}},"elements":[],"isInner":false,"widgetType":"image","elType":"widget"}],"isInner":false,"elType":"column"},{"id":"4e650676","settings":{"_column_size":16,"_inline_size":null,"_inline_size_mobile":50,"animation":"fadeInUp","animation_duration":"fast","animation_delay":1500},"elements":[{"id":"639395ea","settings":{"image":{"url":"http:\/\/themes.wip-themes.com\/aiteko\/wp-content\/uploads\/2019\/01\/champion.png","id":290}},"elements":[],"isInner":false,"widgetType":"image","elType":"widget"}],"isInner":false,"elType":"column"}],"isInner":false,"elType":"section"},{"id":"141f634d","settings":{"margin":{"unit":"px","top":"0","right":0,"bottom":"200","left":0,"isLinked":false}},"elements":[{"id":"6e0e69ac","settings":{"_column_size":100},"elements":[{"id":"46c463e6","settings":{"text":"OUR PREVIOUS WORKS","align":"center","size":"lg","button_text_color":"#1a1a1a","background_color":"rgba(0,0,0,0)","hover_color":"#ffffff","button_background_hover_color":"#1a1a1a","hover_animation":"grow","border_border":"solid","border_width":{"unit":"px","top":"1","right":"1","bottom":"1","left":"1","isLinked":true},"border_color":"#1a1a1a","border_radius":{"unit":"px","top":"2","right":"2","bottom":"2","left":"2","isLinked":true}},"elements":[],"isInner":false,"widgetType":"button","elType":"widget"}],"isInner":false,"elType":"column"}],"isInner":false,"elType":"section"}]}