{"version":"0.4","title":"Aiteko Contact Us","type":"page","content":[{"id":"1026ba56","settings":{"stretch_section":"section-stretched","layout":"full_width","gap":"no"},"elements":[{"id":"223789d1","settings":{"_column_size":100,"margin":{"unit":"px","top":"0","right":"0","bottom":"0","left":"0","isLinked":false},"padding":{"unit":"px","top":"0","right":"0","bottom":"0","left":"0","isLinked":false}},"elements":[{"id":"4c82f974","settings":{"address":"Envato","zoom":{"unit":"px","size":13},"height":{"unit":"px","size":500},"css_filters_css_filter":"custom","css_filters_brightness":{"unit":"px","size":105},"css_filters_contrast":{"unit":"px","size":98},"css_filters_saturate":{"unit":"px","size":27},"css_filters_hue":{"unit":"px","size":175},"prevent_scroll":""},"elements":[],"isInner":false,"widgetType":"google_maps","elType":"widget"}],"isInner":false,"elType":"column"}],"isInner":false,"elType":"section"},{"id":"34dc77c2","settings":[],"elements":[{"id":"1d3cd595","settings":{"_column_size":100},"elements":[{"id":"1b7ed904","settings":{"space":{"unit":"px","size":60}},"elements":[],"isInner":false,"widgetType":"spacer","elType":"widget"}],"isInner":false,"elType":"column"}],"isInner":false,"elType":"section"},{"id":"603c16c9","settings":{"layout":"full_width","structure":"20"},"elements":[{"id":"62221e58","settings":{"_column_size":50,"_inline_size":null,"space_between_widgets":0},"elements":[{"id":"269b0ec","settings":{"title":"Our Office","title_color":"#7c7c7c","typography_typography":"custom","typography_font_size":{"unit":"rem","size":1},"typography_font_weight":"600","typography_text_transform":"uppercase","typography_letter_spacing":{"unit":"px","size":2},"_padding":{"unit":"em","top":"0","right":"0","bottom":"1","left":"0","isLinked":false}},"elements":[],"isInner":false,"widgetType":"heading","elType":"widget"},{"id":"644616b3","settings":{"weight":{"unit":"px","size":2},"width":{"unit":"px","size":50},"gap":{"unit":"px","size":2}},"elements":[],"isInner":false,"widgetType":"divider","elType":"widget"},{"id":"78265031","settings":{"editor":"<p>Something road rd.99<br \/>Aiteko Studio, Dt Rt,<br \/>USA \u2013 989811<\/p><p>Mon - Fri : 08:00 AM - 06:00 PM<br \/>Call : +1 234 765 9999<\/p>"},"elements":[],"isInner":false,"widgetType":"text-editor","elType":"widget"}],"isInner":false,"elType":"column"},{"id":"73e0fcab","settings":{"_column_size":50,"_inline_size":null,"space_between_widgets":0},"elements":[{"id":"245164d1","settings":{"title":"Enquiries","title_color":"#7c7c7c","typography_typography":"custom","typography_font_size":{"unit":"rem","size":1},"typography_font_weight":"600","typography_text_transform":"uppercase","typography_letter_spacing":{"unit":"px","size":2},"_padding":{"unit":"em","top":"0","right":"0","bottom":"1","left":"0","isLinked":false}},"elements":[],"isInner":false,"widgetType":"heading","elType":"widget"},{"id":"133afcb2","settings":{"weight":{"unit":"px","size":2},"width":{"unit":"px","size":50},"gap":{"unit":"px","size":2}},"elements":[],"isInner":false,"widgetType":"divider","elType":"widget"},{"id":"408af1e","settings":{"editor":"<p><a class=\"rd-more\" href=\"mailto:build.awesome@aiteko.theme\">build.awesome@aiteko.theme<\/a><\/p>","typography_typography":"custom"},"elements":[],"isInner":false,"widgetType":"text-editor","elType":"widget"},{"id":"290b7b60","settings":{"title":"Support","title_color":"#7c7c7c","typography_typography":"custom","typography_font_size":{"unit":"rem","size":1},"typography_font_weight":"600","typography_text_transform":"uppercase","typography_letter_spacing":{"unit":"px","size":2},"_padding":{"unit":"em","top":"1","right":"0","bottom":"1","left":"0","isLinked":false}},"elements":[],"isInner":false,"widgetType":"heading","elType":"widget"},{"id":"1fcc88e","settings":{"weight":{"unit":"px","size":2},"width":{"unit":"px","size":50},"gap":{"unit":"px","size":2}},"elements":[],"isInner":false,"widgetType":"divider","elType":"widget"},{"id":"34787f47","settings":{"editor":"<p><a class=\"rd-more\" href=\"mailto:support@aiteko.theme\">support@aiteko.theme<\/a><\/p>","typography_typography":"custom"},"elements":[],"isInner":false,"widgetType":"text-editor","elType":"widget"}],"isInner":false,"elType":"column"}],"isInner":false,"elType":"section"}],"page_settings":{"hide_title":"yes"}}